{"cameraMode":{"drawMode":0,"name":"Shaded","section":"Shading Mode"},"sceneLighting":true,"audioPlay":false,"sceneViewState":{"m_AlwaysRefresh":false,"showFog":true,"showSkybox":true,"showFlares":true,"showImageEffects":true,"showParticleSystems":true,"showVisualEffectGraphs":true,"m_FxEnabled":true},"in2DMode":false,"pivot":{"x":1.4145982265472413,"y":0.2666778564453125,"z":-0.7499074935913086},"rotation":{"x":0.22807997465133668,"y":-0.1543455868959427,"z":0.03664536401629448,"w":0.9606366753578186},"size":8.642879486083985,"orthographic":false}