{"cameraMode":{"drawMode":0,"name":"Shaded","section":"Shading Mode"},"sceneLighting":true,"audioPlay":false,"sceneViewState":{"showFog":true,"showMaterialUpdate":false,"showSkybox":true,"showFlares":true,"showImageEffects":true,"showParticleSystems":true},"in2DMode":false,"pivot":{"x":0.24428336322307588,"y":0.6134611964225769,"z":0.7814048528671265},"rotation":{"x":-0.14608396589756013,"y":0.7232781052589417,"z":-0.16121473908424378,"w":-0.6553940176963806},"size":10.0,"orthographic":false}